Компания,Сайт
РТС-тендер,https://rts-tender.ru
B2B-Center,https://b2b-center.ru
ОТС,https://otc.ru
СберМаркетинг,https://sbermarketing.ru
Adventum,https://adventum.ru
Ashmanov & Partners,https://ashmanov.com
MediaNation,https://medianation.ru
Ingate,https://ingate.ru
Kokoc Group,https://kokoc.com
MGCom,https://mgcom.ru
ArrowMedia,https://arrowmedia.ru
Realweb,https://realweb.ru
Demis Group,https://demis.ru
eLama,https://elama.ru
PromoPult,https://promopult.ru
TexTerra,https://texterra.ru
Netpeak,https://netpeak.net
Rush Agency,https://rush.agency
Rush Analytics,https://rush-analytics.ru
Salt,https://salt.agency
Artics Internet Solutions,https://artics.ru
WebCanape,https://web-canape.ru
FireSEO,https://fireseo.ru
Click.ru,https://click.ru
OWOX,https://owox.com
Roistat,https://roistat.com
Calltouch,https://calltouch.ru
UIS,https://uiscom.ru
Albato,https://albato.ru
Pyrus,https://pyrus.com
amoCRM,https://amocrm.ru
Naumen,https://naumen.ru
TrueConf,https://trueconf.ru
ELMA,https://elma365.com
iSpring,https://ispring.ru
Retail Rocket,https://retailrocket.ru
Jivo,https://jivo.ru
CoMagic,https://comagic.ru
Megaplan,https://megaplan.ru
PlanFact,https://planfact.io
HRlink,https://hrlink.ru
InSales,https://insales.ru
Mindbox,https://mindbox.ru
AIC,https://aic.ru
Redmadrobot,https://redmadrobot.ru
Surf,https://surf.ru
QSOFT,https://qsoft.ru
ZeBrains,https://zebrains.ru
Fuse8,https://fuse8.ru
Dbrain,https://dbrain.io
Skillaz,https://skillaz.com
X5 Tech,https://x5.tech
Солар,https://rt-solar.ru
S2 Technologies,https://s2technologies.ru
3Logic Group,https://3logic.ru
S7 Tech,https://techlab.s7.ru
SafeLine,https://safe-line.ru
Setters,https://setters.agency
RTA,https://rta-moscow.com
Media108,https://media108.ru
IamBTL,https://iambtl.ru
Dmdev,https://dmdev.ru
Малби-Sofт,https://malbi-soft.ru
Солнцев и Партнеры,https://solntsev24.ru
itreit,https://itreit.ru
Крос,https://cros.ru
Диджитал,https://dgtl24.ru
