Письмо,Элемент,Текст
Письмо 1 (День 1),Тема,"{{имя}}, как вы сейчас привлекаете B2B-клиентов?"
Письмо 1 (День 1),Тело,"{{персонализация}}

Меня зовут [Имя], я из Polza Agency — мы запускаем холодные email-рассылки для B2B-компаний и генерируем входящие заявки.

Работаем так: собираем целевую базу, пишем цепочку писем, настраиваем отправку. Клиенты получают 10–30 квалифицированных лидов в месяц без найма лишних людей в отдел продаж.

Интересно было бы показать как это работает на примере вашей ниши — 15 минут в zoom?

[Имя]
Polza Agency"
Письмо 2 (День 4),Тема,"Re: как вы сейчас привлекаете B2B-клиентов?"
Письмо 2 (День 4),Тело,"{{имя}}, продублирую письмо — вдруг потерялось.

Недавно запустили аутрич для IT-аутсорс компании: 800 писем, 34 ответа, 11 встреч за первый месяц. Средний чек клиента — 500к+.

Холодный email работает когда есть правильная база и человеческие письма. Большинство компаний либо не пробовали, либо делали это неправильно.

Если актуально — могу прислать разбор как бы это выглядело для {{название компании}}.

[Имя]"
Письмо 3 (День 9),Тема,"Последнее письмо"
Письмо 3 (День 9),Тело,"{{имя}}, не хочу быть навязчивым — это последнее письмо.

Если задача привлечения B2B-клиентов сейчас не актуальна — всё понятно, удачи с другими каналами.

Если вдруг тема снова встанет — напишите, разберём за 15 минут.

[Имя]
Polza Agency | polza.agency"
